{
  "generated_at": "2026-03-23T20:07:27.884529",
  "model_version": "0.1.0",
  "predictions": [],
  "model_stats": {
    "accuracy": 0.6517436211177889,
    "brier_score": 0.21600934518730455,
    "ece": 0.014822756181033446,
    "n_matches": 27787
  },
  "calibration": {
    "bin_centers": [
      0.07318689642413255,
      0.15695259659225652,
      0.25754364143981573,
      0.35644527901011214,
      0.45679538340703424,
      0.5555580871227874,
      0.6553607386025077,
      0.7429178891488574,
      0.8412138210733948,
      0.940147257629174
    ],
    "actual_rates": [
      0.09236947791164658,
      0.1848264729620662,
      0.26914075560013373,
      0.3606299212598425,
      0.4528101802757158,
      0.5433940333204185,
      0.6283485045513654,
      0.7271911456775352,
      0.7994609164420485,
      0.9452887537993921
    ],
    "bin_counts": [
      498,
      1239,
      2991,
      3810,
      4715,
      5162,
      3845,
      3343,
      1855,
      329
    ],
    "n_bins": 10
  }
}