{
  "generated_at": "2026-03-23T18:44:40.455588",
  "model_version": "0.1.0",
  "predictions": [],
  "model_stats": {
    "accuracy": 0.655846259041998,
    "brier_score": 0.2125761242163305,
    "ece": 0.01444886365023212,
    "n_matches": 27787
  },
  "calibration": {
    "bin_centers": [
      0.055246428726495767,
      0.15463093909569392,
      0.2487297376137972,
      0.352612532917658,
      0.4509537101820018,
      0.5491598052823324,
      0.650513682390925,
      0.7373712443894327,
      0.8371679132256712,
      0.9446504773329664
    ],
    "actual_rates": [
      0.10204081632653061,
      0.17173637515842838,
      0.26442507264425075,
      0.37324111614595756,
      0.4615544472152951,
      0.5446989661463613,
      0.6296581855564123,
      0.7359323280617874,
      0.8068309070548713,
      0.9398084815321477
    ],
    "bin_counts": [
      735,
      1578,
      2409,
      4193,
      4812,
      4933,
      3891,
      2719,
      1786,
      731
    ],
    "n_bins": 10
  }
}