{
  "generated_at": "2026-03-23T21:50:58.187591",
  "model_version": "0.1.0",
  "predictions": [],
  "model_stats": {
    "accuracy": 0.6521035016374563,
    "brier_score": 0.21621935512534524,
    "ece": 0.019237842052476355,
    "n_matches": 27787
  },
  "calibration": {
    "bin_centers": [
      0.0708357007180082,
      0.15763423711473892,
      0.25851874231811034,
      0.3575919363226693,
      0.4552264123682425,
      0.5475365557513071,
      0.6486210907190401,
      0.7451563818778462,
      0.8420516789995514,
      0.9279894854257653
    ],
    "actual_rates": [
      0.09642857142857143,
      0.19382627422828427,
      0.276158940397351,
      0.3700787401574803,
      0.44705029013539654,
      0.5382209188660801,
      0.6177928515523089,
      0.7222076902955794,
      0.7991967871485943,
      0.8988391376451078
    ],
    "bin_counts": [
      560,
      1393,
      3020,
      3810,
      4136,
      5115,
      3833,
      3823,
      1494,
      603
    ],
    "n_bins": 10
  }
}